{
  "version": 1,
  "author": "Uri Shaked",
  "editor": "wokwi",
  "parts": [
    {
      "type": "wokwi-pi-pico",
      "id": "pico",
      "top": 0,
      "left": 0,
      "attrs": { "builder": "pico-sdk" }
    },
    { "type": "wokwi-logic-analyzer", "id": "logic1", "top": -117.04, "left": -0.98, "attrs": {} }
  ],
  "connections": [
    [ "pico:GP0", "$serialMonitor:RX", "", [] ],
    [ "pico:GP1", "$serialMonitor:TX", "", [] ],
    [ "logic1:D0", "pico:GP0", "green", [ "h-69.33", "v122.48" ] ],
    [ "pico:GP1", "logic1:D1", "green", [ "h-78.31", "v-116.42" ] ]
  ]
}